{
    "accuracy": 0.9805,
    "precision_0": 0.9906687402799378,
    "recall_0": 0.9891304347826086,
    "precision_1": 0.704225352112676,
    "recall_1": 0.7352941176470589,
    "macro_precision": 0.8474470461963068,
    "macro_recall": 0.8622122762148338
}
